age,fullname
100,jamila said
8,John Thomas Jones
33,Jane Elizabeth Taylor
25,Michael Elizabeth Jones
40,Sophia Grace Jones
23,Benjamin Samuel Jones
6,Olivia Charlotte Brown
20,William Charlotte Johnson
27,John Ava Smith
26,Olivia Alexander Williams
31,Sophia Emma Miller
12,Olivia Grace Williams
4,Isabella Elizabeth Miller
24,Sophia Elizabeth Brown
36,Jane Charlotte Moore
31,James Grace Davis
13,Emily Elizabeth Williams
33,Olivia Grace Jones
2,Michael Grace Brown
33,Jane Elizabeth Wilson
37,Benjamin Charlotte Johnson
33,William Ava Taylor
36,Jane Alexander Jones
39,Isabella Emma Smith
7,John Ava Miller
6,Olivia Grace Brown
6,Jane Thomas Davis
39,Emily Thomas Williams
2,Olivia Alexander Moore
32,Sophia Alexander Taylor
40,Isabella Ava Taylor
39,James Samuel Johnson
8,James Robert Davis
26,Emily Robert Williams
19,Benjamin Elizabeth Wilson
5,Benjamin Alexander Moore
3,Sophia Robert Jones
14,Sophia Grace Brown
25,Jane Ava Miller
29,Michael Samuel Jones
40,Isabella David Jones
14,John Ava Moore
38,Isabella Robert Moore
40,William David Davis
15,Jane Ava Jones
17,William Alexander Davis
9,Jane Charlotte Davis
37,James Elizabeth Johnson
11,Olivia Charlotte Taylor
20,John Elizabeth Smith
40,Emily Grace Taylor
10,James Robert Taylor
3,Emily Grace Jones
38,Sophia Ava Johnson
26,Sophia David Wilson
33,Olivia Robert Miller
19,John Ava Johnson
36,Sophia Alexander Brown
26,Isabella Grace Wilson
8,Michael Grace Taylor
11,Benjamin Ava Brown
30,Emily David Jones
4,Jane Charlotte Miller
28,Jane Emma Smith
6,Olivia Ava Taylor
31,Isabella Samuel Williams
3,Isabella Ava Wilson
31,Michael Alexander Jones
11,Isabella Ava Jones
21,James Elizabeth Taylor
33,Sophia Alexander Miller
37,James David Taylor
26,Isabella Emma Moore
6,Jane Elizabeth Williams
37,Emily Ava Williams
8,Michael Emma Jones
34,Michael Emma Smith
22,John Alexander Davis
6,Sophia David Brown
10,Jane Thomas Johnson
4,Olivia Samuel Smith
13,Michael Emma Wilson
36,Benjamin Robert Johnson
39,William Grace Taylor
8,Emily David Smith
36,William Grace Jones
27,Emily Elizabeth Smith
5,Emily Charlotte Miller
35,Isabella Emma Davis
38,John Thomas Johnson
8,William Alexander Smith
14,James Thomas Johnson
23,Benjamin Elizabeth Johnson
28,Emily Alexander Williams
26,John Grace Smith
14,Sophia Grace Johnson
35,James Charlotte Taylor
1,Michael Robert Jones
36,Emily Robert Brown
26,Benjamin Alexander Brown
14,Isabella Robert Smith
30,James Alexander Jones
26,James Grace Taylor
27,Sophia Grace Miller
26,Benjamin Thomas Moore
14,John Samuel Miller
34,Isabella Alexander Moore
5,William Alexander Williams
1,Emily Emma Johnson
6,John Thomas Moore
21,Jane Thomas Miller
27,James Thomas Miller
3,Isabella David Williams
3,John Alexander Smith
29,Jane Thomas Smith
40,Sophia David Moore
4,Benjamin Charlotte Davis
8,Sophia Thomas Taylor
11,Michael David Moore
26,James Robert Moore
6,Jane Robert Williams
23,Benjamin Charlotte Smith
24,Sophia David Williams
37,Jane Robert Wilson
29,Sophia Grace Davis
5,Michael Alexander Taylor
17,William Thomas Davis
38,William Ava Brown
27,Emily Emma Davis
30,Sophia David Davis
18,James David Wilson
38,Emily Grace Smith
11,William Elizabeth Brown
21,John Emma Johnson
15,Emily Grace Johnson
17,Benjamin Alexander Wilson
13,Jane Grace Taylor
12,Benjamin Ava Taylor
3,Isabella Robert Taylor
26,Sophia Alexander Wilson
31,Sophia Samuel Moore
8,Benjamin Ava Wilson
6,Isabella Thomas Brown
34,Benjamin Samuel Smith
40,Sophia Grace Moore
1,Jane Charlotte Johnson
2,Emily Ava Jones
33,Sophia Samuel Taylor
17,John Grace Davis
30,Michael Alexander Moore
10,William Alexander Moore
23,James Samuel Davis
3,Sophia Elizabeth Davis
38,Michael David Smith
14,Jane Grace Williams
31,John Alexander Jones
6,Jane Samuel Wilson
1,Isabella Grace Smith
37,Michael David Taylor
2,John Alexander Brown
33,Michael Emma Davis
13,William Robert Wilson
4,Benjamin Emma Davis
25,James David Brown
21,Sophia Robert Taylor
5,Emily Emma Taylor
5,John Charlotte Davis
2,Jane Ava Davis
25,John David Moore
10,William Ava Williams
18,John Robert Brown
19,James Ava Williams
28,James Robert Jones
13,William Ava Smith
33,Emily Samuel Johnson
9,Benjamin Ava Moore
27,Benjamin Robert Smith
37,Emily David Wilson
37,Benjamin Emma Moore
11,Jane Elizabeth Jones
8,Olivia Elizabeth Taylor
36,John Emma Smith
28,Isabella Elizabeth Brown
36,Benjamin Elizabeth Brown
28,Isabella Elizabeth Davis
40,William Grace Smith
38,Michael Robert Taylor
8,Benjamin Grace Johnson
15,Sophia Charlotte Johnson
3,Michael Thomas Johnson
30,James Ava Moore
14,James Elizabeth Smith
22,Emily Charlotte Davis
18,Isabella David Moore
18,Isabella Grace Johnson
14,Sophia Robert Williams
10,Emily Ava Moore
16,Benjamin David Miller
22,Benjamin Robert Taylor
4,James Alexander Williams
6,Michael Alexander Miller
28,Jane Charlotte Jones
1,Michael Charlotte Miller
39,John Emma Taylor
15,Benjamin Alexander Smith
20,Michael Robert Davis
39,William Grace Wilson
39,Olivia Emma Jones
29,James Elizabeth Brown
36,Sophia David Miller
4,Isabella Emma Johnson
17,Sophia Robert Smith
1,Olivia Elizabeth Smith
37,Sophia Emma Wilson
29,Emily Grace Wilson
35,Olivia Ava Smith
2,Sophia Thomas Johnson
27,Olivia Elizabeth Moore
40,Benjamin Robert Jones
13,John Elizabeth Davis
7,Olivia Emma Moore
9,Benjamin Samuel Moore
29,William Emma Miller
32,Olivia Thomas Smith
35,Benjamin Samuel Davis
8,William Emma Taylor
1,Olivia Elizabeth Davis
16,Benjamin David Taylor
31,James Samuel Smith
20,Michael Robert Miller
32,Sophia Emma Smith
28,John David Taylor
7,Isabella Charlotte Jones
28,Michael Ava Taylor
16,Olivia Grace Smith
19,Benjamin Elizabeth Taylor
12,Olivia Alexander Brown
25,William Ava Johnson
30,William Robert Brown
35,Olivia Charlotte Miller
23,Isabella Emma Taylor
12,Sophia Alexander Johnson
20,Olivia Robert Taylor
35,Emily Thomas Miller
24,William Elizabeth Moore
32,Sophia Alexander Jones
39,Michael Grace Williams
4,Olivia Elizabeth Wilson
35,Emily Robert Moore
23,Isabella Alexander Brown
36,Michael Charlotte Johnson
31,Olivia Emma Miller
29,Sophia David Smith
25,Isabella Robert Williams
1,Michael Thomas Davis
29,James Ava Jones
13,Olivia Charlotte Jones
35,Benjamin Elizabeth Williams
30,William Elizabeth Jones
31,John Elizabeth Wilson
38,Emily David Johnson
13,Michael David Johnson
30,James Grace Brown
10,William Elizabeth Taylor
40,Olivia Charlotte Williams
28,Jane Samuel Miller
37,Jane Grace Moore
5,Emily Robert Smith
35,John Grace Brown
9,Michael Emma Johnson
24,William Elizabeth Williams
20,John Ava Taylor
32,Michael David Williams
11,William Alexander Wilson
24,Sophia Charlotte Taylor
16,Isabella David Smith
5,Olivia Ava Brown
32,Jane Samuel Davis
19,Sophia Alexander Williams
35,Olivia Thomas Taylor
31,John Robert Wilson
30,John Robert Miller
33,Emily Thomas Taylor
39,John Charlotte Miller
38,Olivia Elizabeth Miller
1,John Ava Davis
33,Emily Samuel Smith
16,Benjamin Emma Williams
12,Isabella Samuel Jones
30,Isabella Thomas Miller
19,Benjamin Charlotte Miller
37,Olivia Emma Wilson
16,Michael Ava Jones
9,Michael Elizabeth Smith
38,Emily Emma Jones
5,Olivia Charlotte Wilson
39,James Alexander Miller
17,William Samuel Smith
1,Michael Grace Johnson
40,John Robert Taylor
3,James Emma Taylor
32,Olivia Robert Moore
18,Isabella Robert Brown
14,James Samuel Miller
12,Jane Charlotte Williams
9,John Elizabeth Jones
4,John Grace Miller
26,Benjamin David Williams
17,Benjamin Emma Miller
26,John Thomas Brown
28,James Ava Brown
19,Jane Emma Jones
14,William Thomas Smith
31,William Alexander Miller
16,Jane David Moore
35,Emily Samuel Wilson
30,James Emma Johnson
32,James Thomas Brown
6,Jane Elizabeth Davis
36,Jane Alexander Moore
8,Sophia Elizabeth Wilson
38,John Ava Jones
15,John Grace Taylor
6,John Samuel Jones
22,John David Smith
15,John Robert Johnson
25,Emily David Miller
15,Sophia Samuel Davis
38,Isabella Elizabeth Moore
2,Michael Charlotte Williams
5,Emily Robert Miller
36,John Emma Davis
15,John Ava Williams
34,James Emma Smith
12,Emily Grace Moore
14,Sophia Robert Davis
16,Olivia Samuel Johnson
8,Michael David Wilson
1,Emily Thomas Jones
20,William Grace Moore
36,Jane Grace Brown
35,William Emma Smith
1,Benjamin Thomas Taylor
24,James Alexander Moore
8,John Grace Moore
34,John Alexander Taylor
39,James David Davis
9,Isabella Grace Williams
40,William Robert Davis
26,Michael David Jones
30,Sophia Ava Williams
3,Olivia Robert Johnson
32,Michael Emma Miller
29,Benjamin Ava Miller
23,Benjamin Ava Johnson
29,Olivia Emma Davis
25,John Thomas Smith
22,Michael Emma Brown
21,Sophia Robert Miller
33,Emily Elizabeth Wilson
21,James Grace Wilson
37,William Emma Davis
25,James Thomas Wilson
1,James Ava Smith
12,William David Moore
37,Benjamin Emma Wilson
6,Benjamin Grace Wilson
30,James Charlotte Williams
28,Jane Elizabeth Brown
17,Michael Thomas Moore
34,Emily Samuel Moore
5,Sophia Emma Jones
33,Benjamin Elizabeth Jones
33,William Emma Johnson
23,Emily Alexander Miller
30,Jane Elizabeth Johnson
17,William Thomas Moore
27,Emily Emma Wilson
14,Michael Elizabeth Miller
9,James Thomas Taylor
38,Jane David Wilson
18,Emily Samuel Taylor
10,Olivia Alexander Taylor
24,Isabella David Brown
22,Isabella David Taylor
35,Isabella Samuel Taylor
33,Emily Samuel Jones
17,Olivia Robert Wilson
14,Isabella Samuel Brown
40,Isabella Charlotte Taylor
5,Isabella Robert Jones
33,Emily Thomas Brown
36,Isabella Ava Brown
20,William Ava Miller
4,John Samuel Moore
40,William Grace Johnson
39,Sophia Charlotte Miller
29,Michael Grace Miller
35,Michael David Davis
25,James Emma Jones
11,Benjamin Samuel Johnson
33,Olivia Emma Brown
38,Isabella Thomas Jones
8,Jane Ava Taylor
26,Michael Ava Smith
35,James Grace Williams
33,Sophia Samuel Williams
24,Sophia Charlotte Jones
25,John Samuel Williams
5,Benjamin Charlotte Taylor
35,William Thomas Miller
19,Emily Ava Johnson
35,Olivia Emma Taylor
9,William Charlotte Moore
32,Jane Grace Miller
37,Jane Emma Miller
26,Sophia Charlotte Smith
24,John David Williams
1,Benjamin Thomas Miller
2,Benjamin Alexander Williams
6,John David Brown
10,Emily Ava Wilson
29,John Charlotte Moore
34,Sophia Ava Wilson
30,William Charlotte Brown
33,Olivia David Moore
12,Emily Emma Brown
25,Sophia Thomas Wilson
26,John Charlotte Johnson
15,Emily Emma Miller
18,Olivia Ava Davis
24,Benjamin Samuel Taylor
40,Michael Grace Davis
33,Sophia Robert Johnson
7,Benjamin Thomas Williams
32,James Samuel Moore
11,Emily Charlotte Johnson
33,Isabella Samuel Davis
27,Benjamin Grace Williams
20,Olivia Ava Williams
36,Benjamin Samuel Williams
2,Michael Ava Brown
8,Emily Ava Brown
6,William Charlotte Davis
9,Olivia Grace Taylor
33,Emily Elizabeth Moore
10,William Emma Moore
11,Sophia Samuel Wilson
22,Olivia Thomas Brown
27,Sophia Samuel Jones
16,Sophia David Johnson
15,Emily Robert Jones
20,Isabella Alexander Taylor
17,William Samuel Jones
11,Olivia Grace Miller
4,Isabella Charlotte Johnson
32,Emily Elizabeth Taylor
6,Emily Samuel Brown
17,James Alexander Johnson
19,Isabella Emma Williams
16,Benjamin Grace Smith
1,Jane Elizabeth Moore
33,Jane Ava Williams
32,Olivia David Taylor
17,Michael Thomas Smith
5,James Robert Williams
2,Isabella Robert Wilson
10,James Grace Miller
12,John Thomas Davis
13,James Ava Miller
15,Emily Grace Davis
39,John David Miller
24,Olivia Ava Moore
10,William Robert Smith
29,Jane Thomas Moore
10,Michael Charlotte Taylor
18,James Grace Moore
28,William Emma Wilson
9,Michael Thomas Williams
5,Benjamin David Jones
8,Sophia Emma Williams
39,Sophia Alexander Moore
12,James Samuel Jones
13,Michael Ava Johnson
27,Michael Charlotte Wilson
1,Isabella Charlotte Miller
33,Jane Elizabeth Miller
25,Michael Thomas Taylor
2,Olivia Elizabeth Johnson
11,John Samuel Brown
21,Jane Emma Johnson
20,Jane Ava Moore
28,Olivia Alexander Davis
39,Sophia Samuel Smith
30,William David Smith
2,Sophia Grace Smith
37,Michael Emma Williams
32,Benjamin David Moore
7,Benjamin Ava Davis
36,Sophia Thomas Davis
36,Jane Robert Johnson
29,Sophia Elizabeth Smith
15,Olivia Alexander Miller
39,William Samuel Brown
23,Sophia Robert Brown
37,John Grace Johnson
28,Sophia Ava Moore
4,Michael Charlotte Smith
28,Benjamin Emma Johnson
40,Sophia Emma Brown
12,Michael Charlotte Jones
13,Isabella Grace Davis
26,Jane Charlotte Taylor
38,Emily Grace Brown
9,Michael Elizabeth Williams
5,James Grace Johnson
21,Benjamin Grace Jones
14,Michael Alexander Williams
2,John Alexander Wilson
11,Michael Elizabeth Moore
25,John Samuel Davis
32,John David Wilson
35,William Thomas Jones
5,Sophia Elizabeth Johnson
28,John Elizabeth Williams
25,Sophia Elizabeth Williams
9,Isabella David Miller
2,Olivia Elizabeth Jones
37,James Charlotte Johnson
7,William Samuel Johnson
8,Michael Samuel Davis
33,William Charlotte Taylor
34,Olivia Alexander Johnson
28,Michael Grace Wilson
24,John Grace Williams
5,Jane Grace Jones
24,Benjamin David Davis
32,James David Williams
4,Jane Robert Moore
24,Jane Alexander Williams
35,William Robert Johnson
18,John Samuel Taylor
8,Emily Robert Taylor
7,Sophia Ava Davis
11,Benjamin Robert Wilson
22,Olivia Samuel Brown
20,Olivia Emma Johnson
24,James Emma Davis
9,Olivia Thomas Moore
27,Jane Charlotte Smith
26,Sophia Alexander Smith
1,William Ava Wilson
25,Jane David Williams
13,James Samuel Brown
15,Sophia Emma Moore
3,Michael Ava Davis
27,Benjamin Thomas Wilson
11,Michael Elizabeth Taylor
23,Olivia David Miller
40,William Robert Miller
23,Benjamin Ava Jones
5,William Robert Jones
8,Isabella Emma Miller
6,Jane Charlotte Wilson
22,Olivia Emma Williams
13,Benjamin Ava Smith
34,Emily Alexander Brown
26,John Emma Moore
18,Isabella Alexander Williams
40,Olivia Ava Miller
13,Jane Thomas Jones
39,Olivia Alexander Jones
27,Isabella Elizabeth Smith
4,John Alexander Williams
27,Olivia Thomas Davis
38,Olivia David Davis
22,Emily Alexander Taylor
21,Jane Samuel Moore
9,Sophia Charlotte Brown
8,James Grace Jones
23,Michael Samuel Taylor
28,Michael Emma Taylor
20,Olivia Elizabeth Brown
5,Michael Charlotte Davis
10,Emily Ava Taylor
11,James Thomas Williams
14,Jane Samuel Smith
34,Benjamin Thomas Jones
25,James Elizabeth Moore
11,Isabella Grace Miller
10,Emily Alexander Johnson
15,James Thomas Davis
32,John Thomas Wilson
7,Emily Emma Moore
37,Jane Thomas Taylor
3,Jane Elizabeth Smith
21,James Charlotte Moore
24,William David Johnson
28,Isabella Grace Jones
13,William Samuel Davis
20,Michael Thomas Miller
5,Sophia David Jones
23,Sophia Elizabeth Miller
7,Isabella Grace Taylor
36,Benjamin David Brown
2,Michael Grace Jones
38,James David Jones
33,Michael Samuel Smith
24,Emily Thomas Johnson
1,Michael Charlotte Moore
33,Isabella Ava Johnson
31,Isabella Elizabeth Johnson
24,Sophia Elizabeth Taylor
36,James Robert Miller
31,Olivia Ava Wilson
40,Benjamin Alexander Jones
10,Emily Grace Williams
23,Benjamin Thomas Johnson
22,Jane Emma Brown
20,John Thomas Taylor
5,William Robert Taylor
25,Jane Ava Smith
1,Sophia Robert Moore
29,Sophia Samuel Johnson
39,Emily Samuel Davis
